edelgardo0@yale.edu,Non-binary,Hispanic,Single,32
vdiwell1@typepad.com,Female,Other,Not Single,54
ncrang2@php.net,Male,American Indian,Single,36
csegar3@joomla.org,Female,American Indian,Not Single,57
lbeddard4@ft.com,Female,Asian,Single,20
rlangfield5@vistaprint.com,Male,Hispanic,Single,56
rcornill6@github.com,Male,Pacific Islander,Not Single,48
vvasser7@drupal.org,Female,White,Not Single,37
cbrisbane8@wikispaces.com,Male,White,Not Single,45
dstocking9@nydailynews.com,Male,Other,Not Single,33
tbackhursta@google.pl,Non-binary,Black,Not Single,45
cdollenb@europa.eu,Female,Hispanic,Not Single,36
rgrimbaldestonc@shutterfly.com,Female,Hispanic,Single,59
jrosonid@mayoclinic.com,Female,Other,Not Single,55
lballinghalle@godaddy.com,Female,Black,Single,57
shalleybonef@opera.com,Male,White,Single,60
ktansillg@apache.org,Female,Pacific Islander,Not Single,24
nvillah@hugedomains.com,Female,Hispanic,Not Single,46
ojolliffei@blog.com,Female,Hispanic,Single,53
vovenj@samsung.com,Female,Other,Not Single,50
mgrebnerk@unc.edu,Female,American Indian,Not Single,53
pfydoel@ifeng.com,Non-binary,Hispanic,Single,20
mtettleym@biglobe.ne.jp,Male,Other,Not Single,53
tbattesonn@buzzfeed.com,Non-binary,Hispanic,Single,31
dbayldono@plala.or.jp,Male,Pacific Islander,Single,39
lpicfordp@spotify.com,Female,Other,Not Single,58
mmotionq@microsoft.com,Female,Asian,Single,60
debleinr@weather.com,Non-binary,Black,Not Single,32
edearnleys@xinhuanet.com,Female,Asian,Single,47
babramovict@statcounter.com,Female,Black,Not Single,54
jmcturleyu@sourceforge.net,Female,American Indian,Not Single,43
choltawayv@cnbc.com,Male,Hispanic,Single,50
lhynardw@amazon.co.jp,Non-binary,Pacific Islander,Not Single,58
ppegdenx@tmall.com,Female,Black,Not Single,31
btomeoy@hp.com,Female,White,Not Single,45
cnoltonz@seattletimes.com,Non-binary,White,Not Single,42
odulwitch10@bloomberg.com,Male,Hispanic,Single,47
ghixson11@google.com.hk,Female,Hispanic,Single,24
epullan12@ft.com,Male,Asian,Single,40
bcuesta13@meetup.com,Female,Pacific Islander,Not Single,32
gendle14@domainmarket.com,Male,Other,Not Single,45
klymbourne15@about.com,Female,Asian,Not Single,21
bcordeau16@storify.com,Non-binary,Hispanic,Single,42
cpiche17@edublogs.org,Female,Pacific Islander,Single,54
galeixo18@tumblr.com,Female,Asian,Not Single,31
cluesley19@ox.ac.uk,Female,Other,Not Single,50
dhacket1a@rediff.com,Male,American Indian,Single,40
arubenovic1b@pbs.org,Female,Black,Not Single,60
mstockford1c@nsw.gov.au,Male,Asian,Not Single,25
dlidgertwood1d@oaic.gov.au,Female,Other,Single,34
obirchall1e@jiathis.com,Non-binary,Black,Not Single,48
rwelburn1f@mashable.com,Female,Pacific Islander,Not Single,46
sseedull1g@soup.io,Female,White,Not Single,36
ljoao1h@bloglovin.com,Non-binary,American Indian,Not Single,41
chaverson1i@ustream.tv,Non-binary,White,Not Single,51
dinnes1j@craigslist.org,Male,Pacific Islander,Not Single,38
jdurber1k@usa.gov,Male,Hispanic,Single,24
sschuh1l@shop-pro.jp,Male,Asian,Single,34
ahurlestone1m@webnode.com,Non-binary,Pacific Islander,Single,44
jgellert1n@auda.org.au,Male,Black,Not Single,58
jfavela1o@privacy.gov.au,Female,Hispanic,Not Single,42
bdelamar1p@bloglines.com,Male,American Indian,Single,45
fcowwell1q@mozilla.com,Female,Hispanic,Single,28
kiffe1r@ox.ac.uk,Female,Pacific Islander,Not Single,20
emcclymond1s@reference.com,Non-binary,American Indian,Not Single,20
dglyn1t@nasa.gov,Non-binary,Black,Single,54
nsultana1u@cam.ac.uk,Male,Other,Single,56
cbenoi1v@soup.io,Male,Asian,Not Single,20
lPacific Islanderbread1w@imdb.com,Female,Pacific Islander,Single,35
fbaillie1x@weebly.com,Female,American Indian,Not Single,60
zajean1y@csmonitor.com,Non-binary,Other,Not Single,35
hpanner1z@facebook.com,Female,Black,Single,22
tcatchpole20@sina.com.cn,Male,Black,Single,43
lmessager21@bbc.co.uk,Female,Pacific Islander,Single,21
mgallico22@walmart.com,Male,American Indian,Single,44
ibosket23@drupal.org,Male,Other,Not Single,43
lmoynihan24@acquirethisname.com,Male,Hispanic,Single,27
rbatterton25@ucoz.com,Female,Asian,Not Single,47
spuden26@sciencedirect.com,Female,Pacific Islander,Not Single,47
hcullity27@myspace.com,Female,Hispanic,Not Single,38
jerb28@apple.com,Non-binary,Asian,Single,52
lbaskerville29@opensource.org,Female,Asian,Not Single,23
ahugin2a@istockphoto.com,Female,Hispanic,Single,28
ahamil2b@slate.com,Female,Black,Single,52
erulten2c@youtube.com,Female,White,Single,39
cbrickell2d@fastcompany.com,Non-binary,Black,Single,54
mastlett2e@mediafire.com,Female,American Indian,Not Single,45
bmeegin2f@surveymonkey.com,Male,American Indian,Not Single,53
crowlings2g@moonfruit.com,Non-binary,White,Not Single,30
htwinberrow2h@accuweather.com,Male,Black,Not Single,28
iwoolfitt2i@tripod.com,Non-binary,Black,Not Single,41
peakeley2j@elegantthemes.com,Female,American Indian,Not Single,36
ariddoch2k@scribd.com,Non-binary,White,Single,20
adanielovitch2l@google.com.br,Female,Black,Single,21
sshemming2m@alexa.com,Female,Other,Not Single,37
olawford2n@about.me,Female,Hispanic,Single,33
amckue2o@parallels.com,Male,White,Single,34
smckellen2p@uol.com.br,Male,White,Single,36
hrubinsky2q@4shared.com,Female,American Indian,Single,25
lnollet2r@admin.ch,Female,Hispanic,Single,50
apardew2s@squarespace.com,Female,Asian,Single,46
kvinsen2t@google.nl,Female,Hispanic,Not Single,51
hcicetti2u@miitbeian.gov.cn,Female,White,Not Single,33
dnelles2v@tinypic.com,Male,Other,Not Single,41
iorrow2w@utexas.edu,Male,Black,Not Single,44
ldunbleton2x@ycombinator.com,Female,American Indian,Not Single,34
wshimony2y@pinterest.com,Female,White,Single,45
lwillimont2z@wikipedia.org,Female,White,Not Single,47
eeslinger30@auda.org.au,Female,Black,Not Single,59
dface31@blogs.com,Female,Asian,Not Single,21
zlamswood32@theguardian.com,Female,Black,Not Single,58
shousbey33@pbs.org,Male,Black,Not Single,56
aeverson34@phoca.cz,Female,Black,Single,35
mcostan35@ted.com,Female,American Indian,Not Single,40
iklich36@meetup.com,Non-binary,Other,Single,24
bjenik37@gizmodo.com,Male,American Indian,Single,38
araw38@sciencedirect.com,Non-binary,Asian,Not Single,41
cdilrew39@uiuc.edu,Female,White,Not Single,25
emcbeath3a@chicagotribune.com,Female,Black,Single,35
bdowty3b@examiner.com,Female,White,Not Single,35
ykubica3c@ox.ac.uk,Non-binary,White,Single,34
lickeringill3d@phpbb.com,Female,Asian,Single,26
gjelkes3e@prweb.com,Female,Hispanic,Not Single,27
ibrookes3f@un.org,Female,White,Not Single,30
truffler3g@vk.com,Non-binary,Black,Not Single,46
ehadingham3h@mit.edu,Female,Asian,Not Single,28
droby3i@boston.com,Male,Asian,Not Single,35
aaverill3j@theguardian.com,Male,Asian,Not Single,21
bmartijn3k@smugmug.com,Female,Hispanic,Single,33
ewindless3l@un.org,Male,Black,Not Single,38
mcarslaw3m@bigcartel.com,Female,White,Single,55
smiskelly3n@mac.com,Female,Hispanic,Not Single,29
cormes3o@51.la,Female,Asian,Single,32
dclemo3p@nhs.uk,Male,Hispanic,Single,36
cellcome3q@shinystat.com,Female,Asian,Not Single,52
jmugridge3r@dyndns.org,Male,Asian,Not Single,60
sfeirn3s@qq.com,Female,Black,Not Single,34
cmannock3t@squarespace.com,Female,Black,Single,59
backland3u@so-net.ne.jp,Male,Asian,Single,25
dskeen3v@xinhuanet.com,Female,Other,Not Single,43
aspelsbury3w@hatena.ne.jp,Female,Black,Not Single,35
qcrehan3x@latimes.com,Male,Black,Single,23
ehousden3y@bloomberg.com,Male,Asian,Not Single,54
ldeaguirre3z@comcast.net,Male,White,Single,40
yhehnke40@zdnet.com,Male,Hispanic,Single,55
wfudge41@typepad.com,Female,Pacific Islander,Not Single,42
cclaw42@alexa.com,Male,Black,Not Single,43
alehrmann43@hibu.com,Female,American Indian,Not Single,59
zhourihane44@themeforest.net,Male,Black,Single,48
mmcasgill45@gov.uk,Female,Other,Single,46
plakin46@bluehost.com,Female,Asian,Not Single,49
lfredi47@devhub.com,Female,Asian,Single,49
rbartlomiej48@blinklist.com,Female,American Indian,Not Single,39
ktouhig49@prweb.com,Female,Pacific Islander,Not Single,53
jcollymore4a@4shared.com,Female,Hispanic,Not Single,57
acarek4b@ucla.edu,Female,Hispanic,Not Single,45
dlynock4c@woothemes.com,Female,Black,Not Single,38
htoms4d@technorati.com,Female,American Indian,Single,53
sbillett4e@tamu.edu,Male,Other,Not Single,37
bworgen4f@vk.com,Female,White,Not Single,47
credfern4g@skyrock.com,Female,Hispanic,Not Single,43
ffessby4h@tamu.edu,Female,Black,Single,30
ihemshall4i@vkontakte.ru,Male,Hispanic,Single,31
akubacek4j@squidoo.com,Female,Asian,Single,52
eclubley4k@squarespace.com,Male,Asian,Single,27
twoodlands4l@gov.uk,Male,Black,Single,29
lkift4m@ucoz.ru,Non-binary,Asian,Single,60
gascroft4n@hao123.com,Female,Asian,Single,55
jwash4o@stanford.edu,Male,Asian,Single,27
fkuller4p@sciencedaily.com,Non-binary,Black,Not Single,24
fglasscoe4q@ow.ly,Non-binary,Asian,Single,60
jbraunes4r@cdbaby.com,Female,American Indian,Single,30
jlelievre4s@photobucket.com,Female,Other,Not Single,59
amacvay4t@cnn.com,Non-binary,Pacific Islander,Single,30
fidell4u@zdnet.com,Female,Pacific Islander,Single,30
nskerritt4v@paypal.com,Female,Hispanic,Single,31
ypanketh4w@tinyurl.com,Male,White,Not Single,32
jlaise4x@de.vu,Male,Other,Not Single,53
dgunstone4y@hibu.com,Female,American Indian,Not Single,47
kgeeve4z@blogger.com,Female,Black,Not Single,45
skinsman50@cnet.com,Male,Asian,Single,51
bwhales51@stanford.edu,Male,White,Single,33
alaffling52@bandcamp.com,Female,Black,Single,23
pswindell53@nationalgeographic.com,Non-binary,White,Not Single,51
hmoorcroft54@sakura.ne.jp,Male,Black,Not Single,52
cgendricke55@comcast.net,Female,White,Single,21
pkarpenya56@weather.com,Female,Black,Single,51
kditzel57@ebay.com,Non-binary,White,Not Single,51
ghubbert58@meetup.com,Female,Hispanic,Not Single,55
mgaytor59@ucoz.com,Male,Black,Single,35
hbourbon5a@reuters.com,Non-binary,Black,Single,40
vglennie5b@usa.gov,Male,Asian,Single,42
bgerriet5c@java.com,Male,Black,Not Single,44
natyeo5d@yahoo.co.jp,Male,Other,Single,25
mgreenham5e@stumbleupon.com,Female,Hispanic,Not Single,32
kjandl5f@studiopress.com,Female,Hispanic,Not Single,21
dcaccavella5g@merriam-webster.com,Female,Black,Not Single,51
fscholar5h@about.me,Male,Asian,Single,40
tcleworth5i@woothemes.com,Male,Hispanic,Single,42
bburtonwood5j@ibm.com,Female,White,Not Single,28
tfright5k@craigslist.org,Female,Black,Not Single,34
gcardis5l@wufoo.com,Male,Hispanic,Single,36
kperez5m@webs.com,Male,Black,Not Single,30
sballintyne5n@nsw.gov.au,Male,White,Single,38
oheistermann5o@ameblo.jp,Male,Hispanic,Not Single,54
kdrewclifton5p@mayoclinic.com,Male,Black,Not Single,51
tlawman5q@nytimes.com,Male,Asian,Single,41
lvickerstaff5r@vistaprint.com,Female,Asian,Not Single,32
bgregr5s@amazon.com,Female,Hispanic,Single,22
eleverage5t@tamu.edu,Female,Hispanic,Not Single,60
kpryn5u@dedecms.com,Male,White,Single,38
aalten5v@fda.gov,Male,Other,Single,31
mstopp5w@mozilla.org,Male,White,Not Single,36
craddenbury5x@constantcontact.com,Male,Asian,Single,58
fpetera5y@hao123.com,Female,Hispanic,Not Single,40
smaddyson5z@tripod.com,Male,Asian,Not Single,56
gwadesworth60@shareasale.com,Male,White,Not Single,35
wdamrell61@auda.org.au,Female,Hispanic,Not Single,57
tfarrears62@51.la,Female,White,Single,32
sleathlay63@histats.com,Female,Black,Not Single,60
bbwye64@apache.org,Female,American Indian,Not Single,55
cropking65@who.int,Female,Black,Not Single,60
roscanlan66@ox.ac.uk,Female,Hispanic,Single,50
aoregan67@cbsnews.com,Male,Asian,Not Single,32
jlyptratt68@cargocollective.com,Female,Hispanic,Not Single,47
kspicer69@feedburner.com,Female,Hispanic,Single,34
rmousby6a@google.co.uk,Non-binary,Other,Not Single,35
vconaghy6b@soundcloud.com,Female,Hispanic,Not Single,41
ejaegar6c@pinterest.com,Male,Asian,Not Single,35
tdabney6d@ocn.ne.jp,Female,White,Not Single,29
vglanville6e@lycos.com,Female,Asian,Not Single,29
thazelgreave6f@pcworld.com,Female,American Indian,Single,28
awestman6g@hexun.com,Female,Black,Single,23
nsmurthwaite6h@nydailynews.com,Non-binary,Other,Single,28
gparry6i@ebay.co.uk,Male,Other,Not Single,57
bschubert6j@salon.com,Male,Asian,Not Single,58
cidale6k@gov.uk,Female,White,Not Single,47
esouthwell6l@discovery.com,Female,American Indian,Not Single,40
jmcreath6m@about.me,Male,Black,Not Single,27
sackeroyd6n@elegantthemes.com,Male,Asian,Not Single,39
jbalmadier6o@sogou.com,Male,Hispanic,Not Single,50
alethbury6p@goodreads.com,Non-binary,Black,Single,31
bhyndes6q@census.gov,Female,Other,Not Single,27
zpartener6r@digg.com,Female,White,Not Single,60
tvaz6s@shutterfly.com,Male,White,Not Single,39
hciementini6t@ca.gov,Female,White,Single,20
frodenhurst6u@cam.ac.uk,Female,American Indian,Single,53
wantonutti6v@bbc.co.uk,Male,Asian,Not Single,41
kdomek6w@msn.com,Non-binary,Hispanic,Not Single,31
lschrir6x@360.cn,Male,American Indian,Not Single,59
npetegrew6y@moonfruit.com,Non-binary,White,Single,36
lcamps6z@biblegateway.com,Male,American Indian,Not Single,49
mamey70@chron.com,Female,Black,Single,44
wfirpo71@domainmarket.com,Female,White,Not Single,30
cbampford72@answers.com,Male,Black,Single,51
gerat73@yale.edu,Male,American Indian,Not Single,57
tbeall74@zdnet.com,Female,American Indian,Not Single,34
croubottom75@cnn.com,Female,White,Not Single,49
lheersma76@bravesites.com,Female,White,Single,41
eolahy77@wiley.com,Male,Black,Single,29
mclayton78@addthis.com,Female,Pacific Islander,Not Single,36
vbettison79@dot.gov,Female,Hispanic,Single,40
cskouling7a@merriam-webster.com,Male,American Indian,Not Single,40
fdobbyn7b@sitemeter.com,Male,Hispanic,Not Single,34
fgainsford7c@google.fr,Male,Hispanic,Not Single,56
sPacific Islanderside7d@mapy.cz,Female,American Indian,Not Single,37
wyerlett7e@yale.edu,Male,American Indian,Single,46
rmaraga7f@nytimes.com,Male,American Indian,Single,33
fpetzolt7g@posterous.com,Female,Asian,Not Single,60
rtiddy7h@comcast.net,Female,American Indian,Not Single,25
gshawley7i@tinyurl.com,Male,American Indian,Not Single,52
rcrosston7j@weibo.com,Male,Pacific Islander,Single,56
rbritland7k@nps.gov,Male,Black,Single,54
mreah7l@addthis.com,Female,Other,Single,36
jwicken7m@wufoo.com,Female,American Indian,Not Single,31
scrielly7n@yahoo.co.jp,Female,Pacific Islander,Single,49
rthurnham7o@multiply.com,Male,Black,Not Single,55
rmaclaine7p@uiuc.edu,Female,Pacific Islander,Not Single,24
aheninghem7q@scientificamerican.com,Female,Asian,Not Single,30
kmcneish7r@nsw.gov.au,Male,Pacific Islander,Single,40
cbeeble7s@woothemes.com,Male,Asian,Single,49
lnicholls7t@slate.com,Male,American Indian,Not Single,43
wjills7u@parallels.com,Female,White,Not Single,40
aplester7v@elegantthemes.com,Female,Black,Not Single,54
ndellenbrook7w@merriam-webster.com,Male,Hispanic,Single,25
dgrimshaw7x@bluehost.com,Male,Hispanic,Not Single,21
kklossmann7y@va.gov,Female,Asian,Not Single,28
hkerrich7z@booking.com,Male,Black,Not Single,40
lgalletley80@google.com.au,Male,Other,Single,58
cdykas81@phpbb.com,Female,American Indian,Single,42
omcpaike82@weibo.com,Male,Black,Single,31
ffallon83@wp.com,Female,White,Single,55
etorricina84@ucla.edu,Male,Asian,Single,59
epellman85@myspace.com,Male,Asian,Not Single,29
lcoley86@abc.net.au,Female,White,Not Single,36
ctremonte87@yolasite.com,Female,Other,Not Single,26
asacco88@shutterfly.com,Male,Asian,Single,31
cadamovitz89@etsy.com,Female,White,Not Single,37
mcosten8a@liveinternet.ru,Male,Other,Single,22
gsandison8b@lycos.com,Male,Black,Single,52
adeyes8c@narod.ru,Male,Hispanic,Not Single,51
rminchi8d@ebay.com,Female,Black,Not Single,51
csynnot8e@ocn.ne.jp,Male,Asian,Not Single,28
dlucock8f@jugem.jp,Female,Black,Not Single,42
gklejin8g@bing.com,Female,Black,Not Single,23
tshenfish8h@answers.com,Female,Hispanic,Not Single,45
gdeatta8i@spotify.com,Female,Other,Single,36
bgow8j@theatlantic.com,Male,Hispanic,Single,31
mfick8k@diigo.com,Female,American Indian,Not Single,39
lweston8l@bluehost.com,Male,Hispanic,Not Single,37
tbecom8m@mysql.com,Female,Hispanic,Not Single,54
mansty8n@moonfruit.com,Male,Asian,Not Single,44
agrimmer8o@indiegogo.com,Female,White,Single,46
sharsnep8p@fda.gov,Male,American Indian,Single,31
abampton8q@nasa.gov,Female,American Indian,Single,46
tripon8r@dmoz.org,Female,Asian,Not Single,29
bduinbleton8s@japanpost.jp,Female,Black,Not Single,29
hnoddles8t@lycos.com,Female,Asian,Not Single,49
djoslyn8u@reference.com,Male,Asian,Single,28
cdenzilow8v@ycombinator.com,Male,American Indian,Single,42
tjeffries8w@netlog.com,Female,Asian,Not Single,57
cghio8x@issuu.com,Non-binary,White,Not Single,33
glloyd8y@ow.ly,Female,American Indian,Not Single,49
ntrownson8z@ebay.com,Female,Black,Not Single,43
alongmead90@europa.eu,Female,Asian,Not Single,60
emassingberd91@taobao.com,Male,White,Single,51
alear92@google.es,Male,White,Single,33
sdominy93@acquirethisname.com,Male,Black,Single,44
rconsterdine94@weibo.com,Male,Other,Not Single,28
ckettlesing95@infoseek.co.jp,Male,Hispanic,Single,39
jbanting96@csmonitor.com,Male,White,Not Single,54
lbice97@fda.gov,Female,Asian,Single,30
bokelly98@google.co.uk,Male,Black,Single,32
jpalffrey99@com.com,Non-binary,Black,Single,26
hgorce9a@trellian.com,Female,White,Not Single,25
eklimp9b@cbsnews.com,Male,Hispanic,Single,36
tcollough9c@ehow.com,Non-binary,White,Not Single,54
eburchess9d@illinois.edu,Male,American Indian,Single,25
yfranz9e@ebay.co.uk,Male,Black,Not Single,54
smarney9f@amazon.com,Female,White,Not Single,25
rroadknight9g@mayoclinic.com,Male,Asian,Not Single,48
tkoppe9h@narod.ru,Female,Black,Single,46
briddiford9i@rambler.ru,Female,Hispanic,Not Single,27
hsavory9j@cbslocal.com,Male,Asian,Single,58
fcordrey9k@edublogs.org,Female,Asian,Not Single,45
edulieu9l@amazon.co.uk,Female,White,Not Single,60
gohartigan9m@ebay.co.uk,Female,Asian,Single,54
ksuthworth9n@squarespace.com,Female,White,Not Single,48
emcellen9o@craigslist.org,Female,Hispanic,Not Single,34
cmacilory9p@cpanel.net,Male,Hispanic,Single,45
glawlings9q@bizjournals.com,Female,American Indian,Single,52
ekopps9r@sun.com,Female,Asian,Not Single,26
kpengilly9s@pbs.org,Female,Other,Not Single,59
awestmorland9t@google.com,Male,American Indian,Single,56
frollo9u@army.mil,Male,White,Single,50
cespadate9v@npr.org,Female,Other,Not Single,28
supson9w@thetimes.co.uk,Female,Hispanic,Single,56
vhabishaw9x@zdnet.com,Female,American Indian,Single,23
mpresdee9y@toplist.cz,Female,Hispanic,Single,36
mbroadley9z@woothemes.com,Male,Asian,Single,44
mpearcea0@hud.gov,Female,Asian,Single,34
ablaydesa1@cbc.ca,Female,Black,Single,42
tbradnocka2@vimeo.com,Female,White,Single,51
hparzisa3@bigcartel.com,Female,White,Single,21
kfirmingera4@opera.com,Female,Black,Not Single,30
knovisa5@ucoz.com,Female,White,Not Single,35
rpunshona6@meetup.com,Female,Black,Single,50
hbamleta7@odnoklassniki.ru,Female,Hispanic,Single,46
talvara8@theatlantic.com,Female,Black,Single,47
ttattershawa9@sitemeter.com,Male,Black,Not Single,25
eaglioneaa@networksolutions.com,Male,American Indian,Not Single,41
areinertab@zdnet.com,Male,Asian,Not Single,28
lrennac@nasa.gov,Male,White,Not Single,55
whubnerad@artisteer.com,Male,Hispanic,Single,41
edruittae@ed.gov,Male,Black,Single,58
ngoldsworthyaf@lulu.com,Female,White,Not Single,47
vyaninag@cnet.com,Male,Black,Single,34
bsneathah@altervista.org,Female,Black,Not Single,29
lkennhamai@chron.com,Female,American Indian,Not Single,27
tmartenaj@parallels.com,Male,Hispanic,Single,31
yiveaghak@exblog.jp,Female,Hispanic,Not Single,57
dandrzejal@mit.edu,Female,Hispanic,Not Single,28
jfarrandam@comsenz.com,Male,Hispanic,Not Single,25
cprysan@adobe.com,Female,Asian,Not Single,36
wobrayao@youku.com,Male,Hispanic,Single,53
sdomleoap@plala.or.jp,Female,Black,Not Single,28
oanneyaq@buzzfeed.com,Male,Asian,Single,51
adancear@apache.org,Female,Black,Single,51
djestas@ameblo.jp,Female,Hispanic,Single,28
rkimbroughat@networkadvertising.org,Female,American Indian,Single,46
fscollandau@privacy.gov.au,Male,Black,Single,20
ggorchav@va.gov,Female,White,Not Single,59
jsprulesaw@foxnews.com,Male,White,Single,27
mmegsonax@aol.com,Female,Asian,Single,27
trowntreeay@comsenz.com,Male,American Indian,Single,31
mdunbobinaz@netlog.com,Female,Hispanic,Not Single,32
wemorb0@nba.com,Female,Asian,Not Single,31
cmenhcib1@pinterest.com,Female,Hispanic,Not Single,38
aupstoneb2@boston.com,Female,Black,Not Single,22
pcritchleyb3@nyu.edu,Female,Asian,Not Single,42
vburdenb4@ifeng.com,Female,Asian,Not Single,43
bprattyb5@nydailynews.com,Female,Asian,Single,58
jkestenb6@techcrunch.com,Male,Black,Single,45
kdooleyb7@youtube.com,Female,Hispanic,Not Single,31
rlayeb8@google.co.uk,Female,Black,Not Single,33
ocurrb9@fema.gov,Male,White,Not Single,26
kharbachba@nymag.com,Female,American Indian,Single,54
ajamblinbb@hubpages.com,Female,White,Single,27
rreinbachbc@wix.com,Male,American Indian,Single,33
lshalloobd@slideshare.net,Female,Black,Not Single,38
clockyearbe@1und1.de,Female,American Indian,Single,52
mfranciscobf@nih.gov,Female,Hispanic,Single,49
cmccamishbg@wikimedia.org,Female,American Indian,Not Single,27
ccudbertsonbh@google.com,Female,Asian,Not Single,30
sjarrattbi@weibo.com,Female,American Indian,Single,30
strimbybj@soup.io,Female,American Indian,Not Single,33
dwankbk@java.com,Female,American Indian,Single,40
mloxstonbl@opera.com,Male,Hispanic,Not Single,35
fmenurebm@shareasale.com,Female,Black,Not Single,58
abockhbn@miitbeian.gov.cn,Male,Black,Not Single,45
agrenkovbo@ox.ac.uk,Female,Black,Single,23
jbarffordbp@dell.com,Male,White,Single,37
lgoarebq@devhub.com,Male,Black,Single,40
ttwinebr@g.co,Female,Asian,Single,47
grichesbs@mail.ru,Male,Hispanic,Single,44
tdonisebt@howstuffworks.com,Female,American Indian,Single,51
ccawleybu@virginia.edu,Female,Hispanic,Single,27
gBlackmuirbv@webeden.co.uk,Female,Asian,Single,45
wforestelbw@paginegialle.it,Female,Other,Single,27
acabralesbx@comsenz.com,Female,Hispanic,Not Single,56
thamsonby@about.com,Male,American Indian,Not Single,52
mtarttbz@sciencedaily.com,Female,Asian,Single,22
dgaraghanc0@mtv.com,Male,Black,Not Single,47
rskottlec1@about.com,Female,White,Not Single,50
gcopperwaitec2@gmpg.org,Male,White,Not Single,57
dalcockc3@meetup.com,Male,Asian,Single,34
reverc4@pen.io,Male,White,Single,56
ekeigherc5@tinyurl.com,Male,Black,Not Single,21
sevec6@reference.com,Female,White,Single,40
gspinasc7@usa.gov,Female,Black,Not Single,44
gidneyc8@weibo.com,Female,Asian,Not Single,36
ifeenyc9@miibeian.gov.cn,Male,Black,Not Single,42
ehuncoteca@dyndns.org,Male,Asian,Not Single,51
candresscb@instagram.com,Male,Black,Single,58
nkeoghcc@ameblo.jp,Female,American Indian,Not Single,32
bbueycd@bloomberg.com,Female,White,Single,20
cparadisece@spotify.com,Female,Asian,Not Single,25
ewarringtoncf@dell.com,Female,Asian,Single,25
kjessecg@bing.com,Male,Black,Not Single,20
jprovisch@freewebs.com,Female,Hispanic,Not Single,55
bhudghtonci@nifty.com,Male,Black,Single,45
lmasdincj@delicious.com,Female,Hispanic,Not Single,58
pklejinck@ucoz.com,Female,American Indian,Single,31
acarlincl@redcross.org,Male,Other,Single,45
plarkworthycm@furl.net,Female,Black,Not Single,41
bharcecn@unc.edu,Male,Black,Not Single,55
lhalmkinco@ibm.com,Male,Hispanic,Single,54
stremolletcp@arstechnica.com,Female,Other,Not Single,57
uhatfullcq@illinois.edu,Female,American Indian,Single,29
jdavitticr@cyberchimps.com,Male,Hispanic,Single,53
rreedmancs@census.gov,Female,White,Single,29
cbasnettct@storify.com,Male,White,Single,46
ucoyettcu@instagram.com,Male,Black,Not Single,33
dredfernecv@earthlink.net,Female,White,Single,55
emushartcw@squarespace.com,Male,Hispanic,Single,30
amcilwreathcx@amazonaws.com,Female,Asian,Single,25
tmcveecy@tuttocitta.it,Female,Hispanic,Not Single,32
gcabellcz@hatena.ne.jp,Male,Hispanic,Not Single,50
gstaind0@comcast.net,Male,Hispanic,Not Single,44
ghelliard1@dagondesign.com,Female,Other,Not Single,20
jskoggingsd2@wikia.com,Male,Hispanic,Not Single,30
jiozefovichd3@pbs.org,Female,Hispanic,Not Single,33
irumked4@spiegel.de,Male,American Indian,Not Single,50
galesid5@webmd.com,Male,American Indian,Single,49
vbirckmannd6@patch.com,Female,Asian,Single,27
fjecksd7@java.com,Female,Asian,Single,55
dgethend8@google.nl,Female,Hispanic,Not Single,41
epulbrookd9@hao123.com,Male,Other,Single,55
gcustedda@jigsy.com,Female,Black,Not Single,55
ecodddb@stumbleupon.com,Male,Asian,Not Single,33
mmillindc@live.com,Female,Asian,Single,60
lmockesdd@patch.com,Male,Asian,Single,48
lfenbyde@weebly.com,Female,Black,Single,34
ijefferydf@mit.edu,Female,Other,Single,38
kbraydg@businessweek.com,Male,White,Single,56
prossondh@t.co,Male,Other,Single,29
pphilpdi@constantcontact.com,Male,Asian,Not Single,20
rmillwalldj@360.cn,Female,Hispanic,Single,36
losculleydk@flickr.com,Female,Asian,Single,52
mderdesdl@europa.eu,Male,American Indian,Not Single,25
wpetruschdm@moonfruit.com,Female,Hispanic,Single,39
twethereddn@simplemachines.org,Male,American Indian,Single,55
tachrameevdo@usgs.gov,Female,American Indian,Not Single,23
esouttardp@google.es,Male,Black,Not Single,25
lclarycottdq@com.com,Female,American Indian,Single,55
asiddendr@abc.net.au,Male,White,Single,35
dclapisonds@posterous.com,Female,Hispanic,Single,27
modorandt@gizmodo.com,Male,Hispanic,Not Single,48
mransondu@washingtonpost.com,Male,Hispanic,Single,23
wbranigandv@discuz.net,Male,White,Not Single,28
pskilbeckdw@discovery.com,Female,Hispanic,Single,24
glashamdx@howstuffworks.com,Female,American Indian,Single,24
wmattekdy@addtoany.com,Female,Black,Single,52
eostickdz@weibo.com,Male,Asian,Single,45
mgrimoldbye0@netscape.com,Male,White,Single,49
dbridele1@storify.com,Female,American Indian,Single,24
jknottleye2@bbc.co.uk,Female,American Indian,Not Single,31
eburganee3@symantec.com,Male,White,Not Single,36
gbreffitte4@networksolutions.com,Male,Black,Single,41
sseawelle5@tuttocitta.it,Female,Hispanic,Not Single,24
tpaseke6@youtu.be,other,Asian,Single,55
bgillyette7@spiegel.de,Male,Black,Not Single,21
aalmone8@rambler.ru,Female,Hispanic,Not Single,26
tpulbrooke9@weebly.com,Female,Hispanic,Single,50
fworganea@columbia.edu,Male,Asian,Not Single,49
ehamlingtoneb@who.int,Female,Black,Single,58
dWhitemarshec@tripod.com,Male,Black,Single,49
mbristowed@smugmug.com,Female,Black,Not Single,36
jstalfee@marriott.com,Male,White,Single,59
sboakesef@seesaa.net,Female,Black,Not Single,57
bbrosinieg@joomla.org,Female,White,Not Single,44
rbellshameh@angelfire.com,Male,Hispanic,Not Single,36
tstoresei@about.com,Male,Black,Single,36
astreatfeildej@live.com,Male,American Indian,Single,42
amatterseyek@gmpg.org,Female,Hispanic,Not Single,45
rmoubrayel@bizjournals.com,Male,Black,Not Single,20
wlibriem@netscape.com,Female,Hispanic,Not Single,27
acaslakeen@mapy.cz,Female,White,Not Single,55
ctrudeeo@sitemeter.com,Female,Asian,Not Single,41
ngherarducciep@dmoz.org,Male,American Indian,Single,26
pobrianeq@istockphoto.com,Male,Asian,Single,49
hodoraner@un.org,Female,Asian,Single,26
sscaddones@dailymail.co.uk,Male,American Indian,Not Single,48
lwilkeset@instagram.com,Female,American Indian,Single,52
jlaughlineu@fda.gov,Male,Black,Not Single,33
llovatev@blog.com,Male,American Indian,Single,49
bsymmonsew@timesonline.co.uk,Female,Black,Not Single,58
cglanertex@shinystat.com,Male,White,Not Single,42
ksprattey@phpbb.com,Female,Black,Single,51
jheigoldez@senate.gov,Female,Hispanic,Single,56
ddalesiof0@pen.io,Male,Asian,Single,50
nandreaf1@nationalgeographic.com,Female,Black,Not Single,41
avalerof2@time.com,Male,Black,Single,47
jtowlerf3@4shared.com,Male,White,Not Single,57
wshambrokef4@who.int,Male,Asian,Single,57
elynnf5@home.pl,Female,Hispanic,Single,56
giacobassif6@yale.edu,Female,Asian,Not Single,24
mcathersidesf7@facebook.com,Female,Asian,Not Single,33
fpowersf8@salon.com,Male,Asian,Not Single,54
bfinlayf9@cnet.com,Male,American Indian,Not Single,35
sfyndonfa@mit.edu,Male,Hispanic,Not Single,40
rstideverfb@jiathis.com,Female,Hispanic,Not Single,24
rbilliefc@t.co,Male,White,Not Single,20
glambornfd@hexun.com,Female,Hispanic,Single,34
sflacknellfe@ca.gov,Male,Black,Single,22
wmorecombff@tinyurl.com,Male,Black,Not Single,34
bdriversfg@ycombinator.com,Female,White,Not Single,36
lrenardfh@sphinn.com,Female,Hispanic,Single,41
graddinfi@wordpress.com,Female,American Indian,Single,26
aarmatidgefj@bbb.org,Male,White,Not Single,60
tjohanssenfk@reuters.com,Female,Asian,Not Single,56
spidduckfl@nyu.edu,Female,Black,Not Single,28
bpettettfm@blinklist.com,Male,Hispanic,Single,46
aarnaudetfn@mapy.cz,Male,Hispanic,Not Single,42
bkochsfo@jigsy.com,Male,Black,Not Single,39
jtorrafp@who.int,Female,Asian,Single,58
aollerheadfq@gmpg.org,Male,Asian,Single,39
pmarsiefr@skype.com,Male,Black,Single,60
mklaggemanfs@army.mil,Male,Asian,Not Single,20
agowryft@ucla.edu,Male,Hispanic,Not Single,20
bgilchristfu@redcross.org,Female,White,Not Single,20
cransburyfv@icq.com,Female,American Indian,Not Single,54
jrubinowfw@craigslist.org,Male,White,Single,25
rsedgefx@deviantart.com,Female,Asian,Single,20
pbrimmacombefy@instagram.com,Female,American Indian,Single,59
mzimekfz@github.io,Female,White,Single,38
iharleyg0@quantcast.com,Female,White,Single,34
bshankleg1@com.com,Male,American Indian,Not Single,30
bnapletong2@wired.com,Female,Asian,Single,26
drickertg3@fema.gov,Female,Asian,Single,21
bmcgurgang4@1688.com,Female,White,Single,48
cstraineg5@google.ru,Male,Hispanic,Not Single,49
bhelksg6@slate.com,Male,Asian,Not Single,39
asnellingg7@com.com,Male,Asian,Single,20
eflauneg8@reddit.com,Female,White,Not Single,31
ksidebottomg9@noaa.gov,Male,White,Not Single,33
jbenamga@fema.gov,Female,American Indian,Not Single,53
lheathcottgb@photobucket.com,Female,American Indian,Single,32
bthinngc@yolasite.com,Female,Hispanic,Not Single,53
rveigheygd@mac.com,Female,Hispanic,Not Single,30
zbridgementge@ted.com,Male,American Indian,Not Single,45
galenikovgf@engadget.com,Male,Asian,Single,42
mallendergg@hud.gov,Male,White,Not Single,21
cbrattangh@economist.com,Female,Asian,Not Single,23
fmacguffoggi@ifeng.com,Female,Black,Single,47
msammsgj@amazon.com,Female,Asian,Not Single,30
jleggisgk@unicef.org,Female,White,Single,23
browsellgl@blogtalkradio.com,Male,White,Not Single,35
mmcsperrongm@fastcompany.com,Male,White,Not Single,54
sdegoeygn@qq.com,Female,Black,Not Single,50
elongmorego@nydailynews.com,Female,American Indian,Not Single,49
dbearwardgp@csmonitor.com,Female,Asian,Single,32
afurbygq@google.es,Female,White,Single,42
alockwoodgr@noaa.gov,Female,Black,Not Single,24
nhandleygs@sourceforge.net,Male,Asian,Not Single,32
gmussongt@pagesperso-orange.fr,Male,Black,Not Single,31
dsirlgu@soundcloud.com,Male,Asian,Single,51
mmassiegv@accuweather.com,Male,Hispanic,Not Single,40
twithullgw@meetup.com,Female,Asian,Single,31
foniongx@google.com,Female,White,Not Single,47
slefeavergy@multiply.com,Male,Hispanic,Not Single,49
faspgz@de.vu,Male,American Indian,Not Single,38
eivanyushkinh0@a8.net,Female,American Indian,Single,24
wkrauth1@ucsd.edu,Male,White,Single,30
ddyballh2@princeton.edu,Female,Black,Single,57
poxnamh3@pagesperso-orange.fr,Female,White,Single,33
epoeh4@amazon.de,Male,Hispanic,Not Single,46
elassenh5@technorati.com,Female,American Indian,Not Single,57
tlegoodh6@surveymonkey.com,Male,White,Not Single,36
mjohananovh7@springer.com,Male,Hispanic,Not Single,35
jstickleyh8@4shared.com,Male,Black,Single,22
kpetersenh9@house.gov,Male,American Indian,Single,59
rwoollastonha@state.tx.us,Female,American Indian,Not Single,45
fbrennenstuhlhb@columbia.edu,Male,Hispanic,Not Single,28
plucketthc@usnews.com,Male,Asian,Not Single,32
atumultyhd@cisco.com,Male,American Indian,Not Single,60
lleatherborrowhe@archive.org,Female,White,Single,22
ddulakehf@infoseek.co.jp,Male,Black,Single,40
dhazlehursthg@abc.net.au,Female,Asian,Not Single,44
ktaptonhh@prnewswire.com,Male,Black,Not Single,35
sbendelowhi@nhs.uk,Female,Black,Single,43
kdiddamshj@google.nl,Female,Black,Not Single,34
mbridgnellhk@eventbrite.com,Male,Hispanic,Not Single,25
tsictorneshl@tinypic.com,Female,American Indian,Not Single,31
ebenedettihm@paginegialle.it,Female,American Indian,Not Single,42
kgarterhn@wisc.edu,Female,Black,Not Single,37
bgarveyho@twitpic.com,Male,White,Single,39
brothhp@washington.edu,Male,Hispanic,Not Single,35
ctiehq@wisc.edu,Female,Black,Single,24
ereasthr@examiner.com,Female,American Indian,Single,48
fbocockhs@studiopress.com,Male,American Indian,Single,32
fdanielsohnht@myspace.com,Male,Black,Single,39
nlarrowayhu@apple.com,Female,American Indian,Single,25
lwidmorehv@microsoft.com,Male,Hispanic,Not Single,31
mdydehw@uiuc.edu,Female,White,Single,28
wsimkohx@linkedin.com,Male,White,Single,31
rgarlichy@woothemes.com,Female,Asian,Single,27
adevenishhz@fema.gov,Male,White,Single,32
akingsnorthi0@census.gov,Male,Black,Not Single,39
wchaferi1@dmoz.org,Female,American Indian,Single,37
tanthoini2@ebay.com,Female,Asian,Not Single,47
rmiramsi3@kickstarter.com,Male,Asian,Not Single,39
lbatteni4@yellowbook.com,Female,Hispanic,Not Single,52
nramsayi5@unc.edu,Male,White,Not Single,54
cmacritchiei6@usatoday.com,Female,White,Single,45
osymondsi7@reverbnation.com,Male,Black,Single,29
esielyi8@constantcontact.com,Male,Asian,Single,48
mgeffcocki9@alexa.com,Male,Asian,Single,53
napplegateia@infoseek.co.jp,Female,Black,Single,49
rpullanib@cnet.com,Female,Black,Not Single,55
kovingtonic@slate.com,Female,White,Not Single,48
mpithcockid@cafepress.com,Female,Black,Single,59
emaffiottiie@livejournal.com,Female,Asian,Not Single,32
emcdillif@army.mil,Male,Black,Not Single,30
fmountainig@seattletimes.com,Male,Black,Single,20
tpietruschkaih@webs.com,Female,Hispanic,Single,20
bmoleii@dedecms.com,Female,Black,Not Single,34
ckemsterij@jalbum.net,Male,Asian,Single,50
eryburnik@google.com,Male,Asian,Not Single,57
pearthfieldil@google.com.br,Female,Hispanic,Single,53
dretchlessim@weibo.com,Female,American Indian,Not Single,45
bdelamerein@businessweek.com,Male,White,Not Single,23
jbreeio@ucsd.edu,Male,Hispanic,Not Single,23
mritterip@wordpress.com,Female,American Indian,Single,36
ematresseiq@microsoft.com,Female,American Indian,Single,40
kbraceyir@usda.gov,Male,American Indian,Single,39
jcawsyis@google.cn,Female,Black,Not Single,51
faksellit@prnewswire.com,Male,American Indian,Single,40
ecurleyiu@is.gd,Female,American Indian,Not Single,30
pesseliniv@canalblog.com,Female,Asian,Single,31
lbikkeriw@marriott.com,Male,Hispanic,Single,40
idwineix@cisco.com,Female,American Indian,Single,32
jfiddyiy@samsung.com,Male,Hispanic,Single,50
fdurhamiz@163.com,Male,White,Single,40
gpirellij0@yale.edu,Male,Asian,Not Single,45
lbottingj1@redcross.org,Male,White,Single,58
dgiraudatj2@nydailynews.com,Male,Black,Single,47
lmcclymondj3@bluehost.com,Male,Black,Single,23
jsoansj4@gmpg.org,Male,Black,Not Single,45
cgarleyj5@pen.io,Female,White,Not Single,33
pjodrellej6@behance.net,Male,Asian,Single,41
mcromettj7@angelfire.com,Female,Black,Not Single,56
mjanuarystj8@reference.com,Female,Hispanic,Not Single,47
zwalheddj9@ucsd.edu,Female,Black,Not Single,41
mcodlingja@discuz.net,Female,Hispanic,Single,24
tgagejb@mac.com,Female,American Indian,Not Single,30
agrinleyjc@mozilla.org,Female,Hispanic,Single,48
crandalsjd@rambler.ru,Female,White,Not Single,25
mpeaje@sitemeter.com,Male,Black,Not Single,27
rantyshevjf@wufoo.com,Female,Asian,Not Single,33
challattjg@google.nl,Male,American Indian,Single,43
rdowreyjh@salon.com,Male,White,Single,43
mkuschaji@si.edu,Female,American Indian,Single,54
cgoodisonjj@who.int,Male,White,Single,48
csealeyjk@google.com,Male,Asian,Not Single,25
ecaveyjl@yahoo.co.jp,Male,Hispanic,Single,22
cluscottjm@csmonitor.com,Male,Pacific Islander,Single,55
aabramskyjn@seesaa.net,Female,Hispanic,Single,57
rswyersexeyjo@imageshack.us,Male,Black,Not Single,44
rborriejp@google.com,Male,Hispanic,Not Single,53
anestlejq@delicious.com,Male,Asian,Single,35
nroisjr@wufoo.com,Female,Black,Single,23
ldefranciscijs@google.es,Female,Hispanic,Single,21
hbullersjt@craigslist.org,Male,American Indian,Single,34
eegdaleju@google.com.au,Female,Asian,Single,51
nBlackeyjv@infoseek.co.jp,Female,American Indian,Not Single,24
nbilyardjw@google.com.br,Male,American Indian,Single,24
cantaljx@delicious.com,Male,White,Not Single,36
bmuslajy@constantcontact.com,Female,Asian,Single,43
odallistonjz@tuttocitta.it,Female,Asian,Not Single,41
nkempsterk0@wordpress.com,Male,American Indian,Not Single,34
apaszekk1@artisteer.com,Male,Black,Single,24
mwithinshawk2@usgs.gov,Male,Other,Not Single,25
rbrechek3@purevolume.com,Male,Pacific Islander,Single,27
awhyliek4@blogspot.com,Female,Black,Not Single,20
ahiscokek5@twitpic.com,Female,Pacific Islander,Not Single,33
lpaylek6@reddit.com,Male,Asian,Not Single,21
tkubanekk7@lycos.com,Female,Hispanic,Not Single,51
kbrettork8@washington.edu,Female,American Indian,Single,52
rgymblettk9@youtu.be,Male,Hispanic,Single,44
mansettka@ftc.gov,Female,Hispanic,Single,53
mrawcliffekb@wsj.com,Female,Other,Not Single,53
afitchenkc@devhub.com,Female,Pacific Islander,Single,32
jmackimmiekd@ebay.com,Male,Black,Single,56
ljoelke@google.com,Female,American Indian,Single,26
echesserkf@bing.com,Male,Hispanic,Not Single,26
tillwellkg@slideshare.net,Female,Other,Not Single,49
jbulfitkh@fastcompany.com,Female,Black,Single,53
pchesnayki@cmu.edu,Female,Hispanic,Single,44
aschimekkj@theatlantic.com,Male,Black,Not Single,56
mreinertkk@live.com,Female,Hispanic,Not Single,27
sthurlingkl@biblegateway.com,Male,Pacific Islander,Single,25
ekintishkm@bravesites.com,Male,Black,Not Single,49
vboatkn@scientificamerican.com,Male,Hispanic,Single,49
ltuttiettko@upenn.edu,Male,White,Not Single,36
cglendiningkp@google.co.uk,Male,Asian,Not Single,32
tnapletonkq@cdbaby.com,Male,Black,Not Single,58
sdreinikr@e-recht24.de,Male,Asian,Not Single,60
bhawkettks@ted.com,Female,White,Single,57
kmccalumkt@ox.ac.uk,Male,Black,Single,39
rarchku@yahoo.co.jp,Female,White,Single,50
lmariotkv@amazon.co.jp,Female,Hispanic,Not Single,58
rrylancekw@tinypic.com,Female,White,Single,54
aroycroftkx@japanpost.jp,Male,Asian,Not Single,29
djacquemyky@ovh.net,Female,White,Single,48
lgoldsonkz@google.fr,Male,White,Single,24
ldomencl0@webs.com,Female,Hispanic,Not Single,25
rdrewcliftonl1@plala.or.jp,Female,Black,Single,45
scraterel2@usda.gov,Female,Black,Not Single,60
htunnicliffel3@indiatimes.com,Male,Hispanic,Single,27
nmeiningenl4@amazon.com,Male,American Indian,Not Single,50
jgreenleyl5@dagondesign.com,Female,White,Not Single,34
trastalll6@yellowbook.com,Male,White,Single,41
eleaskl7@sphinn.com,Female,American Indian,Not Single,54
rgotterl8@stumbleupon.com,Male,White,Single,21
abayntonl9@flavors.me,Female,White,Single,33
asotworthla@over-blog.com,Female,Other,Single,24
ecadallederlb@kickstarter.com,Female,Hispanic,Not Single,59
lhunnaballlc@nature.com,Female,Hispanic,Not Single,38
awinneyld@spiegel.de,Male,Asian,Not Single,56
echrestienle@seesaa.net,Female,Asian,Single,20
mharbourlf@spotify.com,Female,White,Not Single,38
kjarnelllg@studiopress.com,Female,Hispanic,Single,24
dsangelh@webmd.com,Male,White,Not Single,51
loatsli@hp.com,Female,Hispanic,Single,60
awoolflj@nifty.com,Male,American Indian,Not Single,49
rtottlelk@dyndns.org,Male,White,Not Single,32
bpinchonll@harvard.edu,Female,Black,Not Single,26
hayliffelm@tinyurl.com,Female,Asian,Single,55
rgarlingln@ucoz.com,Female,American Indian,Single,24
pgarcilo@technorati.com,Female,White,Single,22
jelderbrantlp@behance.net,Male,White,Not Single,34
lfenechlq@blogs.com,Male,Asian,Not Single,53
jmalimoelr@telegraph.co.uk,Male,American Indian,Not Single,21
lkinnochls@e-recht24.de,Male,Black,Single,39
bhammandlt@xrea.com,Male,Black,Not Single,54
svallintinelu@printfriendly.com,Female,American Indian,Single,31
wlangleylv@w3.org,Female,American Indian,Not Single,30
tfarnelllw@springer.com,Female,Asian,Not Single,46
asearchlx@hud.gov,Male,White,Single,24
wletteresely@netvibes.com,Female,Asian,Not Single,41
onotelz@comsenz.com,Male,Other,Not Single,41
marlowm0@mapquest.com,Male,Hispanic,Not Single,45
bragbournm1@parallels.com,Male,White,Not Single,58
arasorm2@fotki.com,Male,Other,Not Single,53
cdixceym3@w3.org,Female,Black,Not Single,57
dliffm4@unc.edu,Female,American Indian,Not Single,25
hdugdalem5@gravatar.com,Female,Black,Single,45
gdrynanm6@imdb.com,Female,Asian,Single,25
awalkdenm7@biblegateway.com,Female,American Indian,Not Single,34
bcastelijnm8@fda.gov,Female,Other,Single,24
rmckennam9@ted.com,Female,White,Not Single,47
kfairebrotherma@apple.com,Female,Hispanic,Not Single,33
kdunstonmb@taobao.com,Female,Black,Single,24
ktampinmc@studiopress.com,Male,Hispanic,Not Single,34
ccreaghmd@ted.com,Female,Asian,Single,22
pbarizeretme@nhs.uk,Female,Black,Not Single,39
astichelmf@cbslocal.com,Male,White,Not Single,43
gwhieldonmg@flavors.me,Female,Other,Single,47
mkennewaymh@elpais.com,Female,White,Single,40
ssommerlymi@independent.co.uk,Female,Hispanic,Not Single,24
lpidcockmj@intel.com,Male,White,Not Single,20
rcorsormk@wsj.com,Female,White,Not Single,45
wwoodruffeml@ustream.tv,Female,Asian,Single,28
zwinnardmm@rediff.com,Male,Hispanic,Single,30
tlevesquemn@freewebs.com,Male,Hispanic,Not Single,58
djecksmo@google.de,Male,White,Single,38
klewingtonmp@surveymonkey.com,Male,Hispanic,Single,46
chaironmq@scientificamerican.com,Male,Black,Single,34
haucoatemr@apple.com,Female,White,Not Single,28
lpikhnoms@go.com,Male,Hispanic,Not Single,25
spidwellmt@bizjournals.com,Female,Black,Not Single,24
bknottonmu@gravatar.com,Male,Black,Single,20
kmcdermidmv@163.com,Male,Asian,Single,22
backerleymw@ibm.com,Female,White,Single,23
mnasseymx@dagondesign.com,Male,Hispanic,Single,41
snuttmy@cdbaby.com,Female,Black,Single,39
dpriestnermz@berkeley.edu,Female,White,Not Single,47
vswannickn0@archive.org,Male,Hispanic,Single,45
csavidgen1@fotki.com,Female,White,Single,41
vstuckeyn2@cpanel.net,Male,White,Single,56
egrogorn3@tinypic.com,Male,White,Not Single,60
mlarratn4@ovh.net,Female,White,Not Single,49
ntomczykiewiczn5@intel.com,Male,American Indian,Not Single,53
cterronn6@pcworld.com,Female,Asian,Single,27
jactonn7@friendfeed.com,Female,Black,Single,43
etayen8@usda.gov,Male,White,Not Single,41
lnunsonn9@slashdot.org,Female,Hispanic,Single,43
erushworthna@qq.com,Male,Hispanic,Not Single,27
bcopnellnb@naver.com,Female,Black,Single,36
caspinnc@bloglines.com,Female,White,Single,55
amunnisnd@about.me,Male,Other,Single,25
kdellitne@npr.org,Female,Asian,Not Single,26
phrusnf@google.pl,Female,Other,Not Single,22
tbampforthng@bizjournals.com,Female,Asian,Single,39
ispinellonh@parallels.com,Female,Asian,Single,36
cwhildeni@symantec.com,Female,Black,Not Single,57
athiesnj@amazon.co.jp,Female,American Indian,Not Single,39
boboylenk@census.gov,Female,Pacific Islander,Not Single,35
jgoeringnl@scribd.com,Male,White,Single,52
gsorrillnm@nba.com,Female,Hispanic,Single,28
gpanenn@gov.uk,Male,Black,Not Single,58
dandrzejowskino@tmall.com,Male,Black,Not Single,33
apesnp@home.pl,Female,American Indian,Not Single,26
cdenzilownq@meetup.com,Female,Hispanic,Single,55
nwaytenr@usgs.gov,Female,Hispanic,Not Single,36
ajerdonns@parallels.com,Male,Asian,Not Single,47
mnelthropnt@dedecms.com,Non-binary,Black,Not Single,49
gcraskenu@dailymotion.com,Female,Black,Single,29
ajeffriesnv@java.com,Male,Black,Not Single,47
jjovicnw@goo.ne.jp,Female,American Indian,Single,21
ggwinnnx@furl.net,Female,Other,Not Single,42
adaybellny@so-net.ne.jp,Female,White,Not Single,38
kpistolnz@cpanel.net,Female,American Indian,Not Single,25
bhartleso0@feedburner.com,Male,Hispanic,Single,32
cpawlingo1@wunderground.com,Female,Black,Single,55
ksowreyo2@sfgate.com,Female,Pacific Islander,Not Single,28
gstonhamo3@lycos.com,Female,Black,Not Single,51
lnatteo4@europa.eu,Non-binary,Asian,Not Single,20
hioano5@amazon.co.jp,Male,Black,Not Single,28
wcanlino6@free.fr,Male,Hispanic,Not Single,51
kfrancescottio7@cmu.edu,Male,American Indian,Single,50
jbampfordo8@digg.com,Female,Asian,Single,43
mgrisardo9@wp.com,Female,Asian,Not Single,39
pheibloa@ihg.com,Female,Asian,Single,47
woldeyob@omniture.com,Male,Black,Single,45
atrounceroc@wufoo.com,Female,Hispanic,Single,39
obassinghamod@slashdot.org,Male,Black,Not Single,49
kjerdanoe@mysql.com,Male,Black,Single,49
ahutchcraftof@hc360.com,Female,Hispanic,Single,56
gboggasog@google.com.au,Male,Asian,Not Single,34
ddebellisoh@arizona.edu,Male,Hispanic,Single,22
bdafforneoi@comsenz.com,Female,American Indian,Single,37
bsanziooj@comcast.net,Female,Black,Not Single,48
lportigallok@de.vu,Female,Other,Not Single,29
bbastardol@businessweek.com,Male,Asian,Not Single,39
nlymanom@ovh.net,Female,Asian,Single,40
cgavinon@cnbc.com,Male,White,Not Single,60
bgreimoo@sphinn.com,Male,Pacific Islander,Not Single,58
clissendenop@yolasite.com,Female,American Indian,Not Single,32
rdoucheoq@yellowbook.com,Male,Hispanic,Single,34
rfendlenor@soup.io,Male,American Indian,Single,25
qbosenworthos@apple.com,Male,American Indian,Not Single,52
breefot@angelfire.com,Female,Hispanic,Not Single,57
vallinghamou@wunderground.com,Male,Asian,Single,46
emanstonov@goo.ne.jp,Female,Asian,Not Single,44
cantoszewskiow@desdev.cn,Male,Black,Single,52
lgarciox@bizjournals.com,Female,Asian,Single,27
pfranchionioy@about.me,Male,White,Single,36
bdreveroz@yale.edu,Male,Black,Not Single,39
rmantp0@biblegateway.com,Male,Black,Single,29
ttunbridgep1@nationalgeographic.com,Male,White,Not Single,44
lshepardp2@qq.com,Male,Black,Not Single,54
vbridgensp3@prweb.com,Male,Asian,Single,39
ldarkottp4@diigo.com,Male,Black,Not Single,49
bboysp5@flickr.com,Male,Black,Not Single,58
gdeemanp6@livejournal.com,Female,Asian,Single,51
uyerlettp7@smugmug.com,Female,Asian,Single,32
mholdrenp8@opera.com,Female,White,Not Single,54
pdillistonp9@taobao.com,Male,Hispanic,Not Single,45
bstovespa@gnu.org,Male,Asian,Single,60
csyerspb@seesaa.net,Female,Pacific Islander,Not Single,30
sbeadlepc@tamu.edu,Female,Hispanic,Single,37
dbarnwallpd@senate.gov,Female,Hispanic,Not Single,48
jmacadampe@usnews.com,Male,Other,Not Single,20
hguilloupf@amazon.de,Female,White,Single,33
fbuttonpg@nbcnews.com,Male,Black,Not Single,26
ebentsonph@dyndns.org,Female,Hispanic,Not Single,52
ehumphreypi@wired.com,Male,Hispanic,Single,21
swadhamspj@webnode.com,Female,Black,Single,46
boffellpk@noaa.gov,Male,Hispanic,Not Single,26
helcoatepl@live.com,Male,Asian,Not Single,34
ffriarpm@bravesites.com,Male,Asian,Not Single,39
jfieldingpn@discovery.com,Male,White,Not Single,57
sthomasonpo@lulu.com,Female,Hispanic,Not Single,42
dhightonpp@independent.co.uk,Female,Hispanic,Single,24
pmeakespq@google.ru,Male,Hispanic,Single,21
wspringthorpepr@youku.com,Male,Hispanic,Not Single,33
fivattps@ameblo.jp,Male,Hispanic,Single,38
mlarensonpt@cocolog-nifty.com,Female,Asian,Not Single,55
fbeacroftpu@oaic.gov.au,Female,Black,Single,45
cstennetpv@spotify.com,Female,Other,Not Single,51
rbrasherpw@wp.com,Male,Black,Single,50
gabbattpx@cnn.com,other,Hispanic,Single,23
mpetricekpy@flickr.com,Male,Hispanic,Not Single,45
getheredgepz@europa.eu,Female,White,Not Single,41
sblaszkiewiczq0@samsung.com,Male,Black,Not Single,52
gzumfeldeq1@quantcast.com,Male,Asian,Single,31
salderq2@gravatar.com,Male,Black,Not Single,35
ssommerlyq3@pcworld.com,Male,Asian,Single,60
egallymoreq4@ameblo.jp,Female,American Indian,Single,47
rlevingsq5@blogs.com,Female,American Indian,Single,22
gacumq6@vimeo.com,Male,Asian,Single,59
valpesq7@microsoft.com,Female,Asian,Single,59
calisonq8@yelp.com,Male,Hispanic,Not Single,42
gwiltonq9@goo.gl,Female,Black,Not Single,46
kkoppenqa@scientificamerican.com,Female,Black,Not Single,55
cshirlandqb@china.com.cn,Male,Other,Single,42
jadriaanqc@yale.edu,Male,Other,Single,23
tmackiesonqd@squarespace.com,Female,Hispanic,Not Single,32
cputmanqe@who.int,Male,Hispanic,Single,37
gbumqf@earthlink.net,Female,Hispanic,Not Single,37
gsaichqg@ihg.com,Male,American Indian,Not Single,24
tmckeveneyqh@sphinn.com,other,Other,Not Single,50
pkwiekqi@google.co.uk,Male,American Indian,Single,48
mhonnanqj@trellian.com,Female,Hispanic,Not Single,39
dwaitlandqk@omniture.com,Male,Black,Single,51
cadamql@salon.com,Female,Black,Single,44
rgaulerqm@canalblog.com,Male,Hispanic,Not Single,27
lbencherqn@sina.com.cn,Female,Asian,Not Single,57
sgannyqo@cyberchimps.com,Male,Other,Single,50
cbowenqp@google.com.au,Female,American Indian,Single,53
rhuisonqq@vistaprint.com,Female,White,Single,59
bsaundersonqr@goo.gl,Female,Hispanic,Single,33
aworthingqs@upenn.edu,Female,Hispanic,Single,38
aheddenqt@xing.com,Female,Asian,Single,49
nfrankhamqu@craigslist.org,Female,Other,Not Single,23
mheislerqv@cbc.ca,Male,Black,Not Single,24
vfrayneqw@bigcartel.com,Female,Hispanic,Single,49
gbrownhallqx@mtv.com,Male,Hispanic,Not Single,45
adrakeqy@go.com,Female,White,Not Single,45
mcannopqz@diigo.com,Male,American Indian,Not Single,27
flebbonr0@miitbeian.gov.cn,Male,Hispanic,Not Single,40
ntirer1@eepurl.com,Male,American Indian,Not Single,40
acarlor2@yandex.ru,Female,Asian,Single,44
awillishirer3@Whitehouse.gov,Male,American Indian,Not Single,28
tbeckinghamr4@ftc.gov,Female,Black,Single,55
lkytterr5@google.nl,Male,White,Not Single,22
ddrabbler6@phoca.cz,Female,Hispanic,Single,41
cfleckneyr7@indiatimes.com,Male,Asian,Not Single,50
roverpoolr8@businesswire.com,Female,White,Single,28
cpharaohr9@spotify.com,Male,White,Not Single,48
bdegregolira@ftc.gov,Male,Black,Not Single,54
mlaceyrb@tamu.edu,Male,Other,Single,25
apawleyrc@imageshack.us,Male,Hispanic,Single,40
gjordonrd@gov.uk,Male,Hispanic,Not Single,26
switcombre@hubpages.com,Male,Other,Single,35
rselwynerf@storify.com,Male,White,Not Single,32
sbecconsallrg@hexun.com,Female,Asian,Single,26
rpapezrh@twitpic.com,Female,Black,Not Single,48
eknowlerri@fastcompany.com,Male,American Indian,Not Single,52
tostrj@redcross.org,Male,White,Not Single,31
scaretterk@nationalgeographic.com,Female,American Indian,Single,27
ihutcheonsrl@hao123.com,Female,Asian,Not Single,59
hsimnorrm@simplemachines.org,Male,White,Single,42
gdongatern@feedburner.com,Male,Black,Single,43
agaterro@senate.gov,Female,White,Not Single,20
bdenyukhinrp@facebook.com,Female,Asian,Not Single,24
lfruserrq@live.com,Non-binary,Asian,Not Single,39
vwegnerrr@yolasite.com,Male,White,Not Single,55
